{
  "version": 1,
  "author": "Anonymous maker",
  "editor": "wokwi",
  "parts": [
    { "type": "wokwi-arduino-uno", "id": "uno", "top": -66.6, "left": -0.6, "attrs": {} },
    { "type": "wokwi-hc-sr04", "id": "ultrasonic1", "top": 183.9, "left": 168.7, "attrs": {} }
  ],
  "connections": [
    [ "uno:5V", "ultrasonic1:VCC", "red", [ "v0" ] ],
    [ "uno:GND.2", "ultrasonic1:GND", "black", [ "v0" ] ],
    [ "uno:9", "ultrasonic1:TRIG", "green", [ "v0" ] ],
    [ "uno:10", "ultrasonic1:ECHO", "green", [ "v345.6", "h135.1" ] ]
  ],
  "dependencies": {}
}